INSERT INTO TIPO_RESIDENTE (ID, NOMBRE_TIPO_RESIDENTE) VALUES (1, 'Propietario'); 
INSERT INTO TIPO_RESIDENTE (ID, NOMBRE_TIPO_RESIDENTE) VALUES (2, 'Residente');


INSERT INTO PROPIEDAD (ID,DIRECCION,FOTO_PERFIL,NIT,NOMBRE_PROPIEDAD,TELEFONO) VALUES (1,'Transversal 78 a #92-57',null,'12345678-1','San lucas','4443311');
INSERT INTO PROPIEDAD (ID,DIRECCION,FOTO_PERFIL,NIT,NOMBRE_PROPIEDAD,TELEFONO) VALUES (2,'Carrera 56 b #2-11',null,'22334455-1','Robledales','5556600');
INSERT INTO PROPIEDAD (ID,DIRECCION,FOTO_PERFIL,NIT,NOMBRE_PROPIEDAD,TELEFONO) VALUES (3,'Avenida 5 c #99-23',null,'99911123-1','Canarios','6667711');

INSERT INTO PERFIL_USUARIO (ID, DESCRIPCION) VALUES (1, 'Administrador');
INSERT INTO PERFIL_USUARIO (ID, DESCRIPCION) VALUES (2, 'Propietario');
INSERT INTO PERFIL_USUARIO (ID, DESCRIPCION) VALUES (3, 'Vigilante');

INSERT INTO USUARIO (ID,NOMBRE_USUARIO,CLAVE,PERFIL_USUARIO_ID,NOMBRE,APELLIDO,TELEFONO,FOTO_PERFIL) VALUES (1,'admin','admin',1,'Gloria','Prado','3143333435',null);
INSERT INTO USUARIO (ID,NOMBRE_USUARIO,CLAVE,PERFIL_USUARIO_ID,NOMBRE,APELLIDO,TELEFONO,FOTO_PERFIL) VALUES (2,'prop1','prop1',2,'Pablo','Rios','331334455',null);
INSERT INTO USUARIO (ID,NOMBRE_USUARIO,CLAVE,PERFIL_USUARIO_ID,NOMBRE,APELLIDO,TELEFONO,FOTO_PERFIL) VALUES (3,'prop2','prop2',2,'Julieta','Calle','3445556789',null);
INSERT INTO USUARIO (ID,NOMBRE_USUARIO,CLAVE,PERFIL_USUARIO_ID,NOMBRE,APELLIDO,TELEFONO,FOTO_PERFIL) VALUES (4,'vigi1','vigi1',3,'Pacho','Mora','321456789',null);
INSERT INTO USUARIO (ID,NOMBRE_USUARIO,CLAVE,PERFIL_USUARIO_ID,NOMBRE,APELLIDO,TELEFONO,FOTO_PERFIL) VALUES (5,'vigi2','vigi2',3,'Carlos','Trece','54678977',null);
INSERT INTO USUARIO (ID,NOMBRE_USUARIO,CLAVE,PERFIL_USUARIO_ID,NOMBRE,APELLIDO,TELEFONO,FOTO_PERFIL) VALUES (6,'vigi3','vigi3',3,'Marlon','Barrios','1122334456',null);



INSERT INTO DETALLE_USUARIO_PROPIEDAD (ID,PROPIEDAD_ID,USUARIO_ID) VALUES (1,1,1);
INSERT INTO DETALLE_USUARIO_PROPIEDAD (ID,PROPIEDAD_ID,USUARIO_ID) VALUES (2,2,1);
INSERT INTO DETALLE_USUARIO_PROPIEDAD (ID,PROPIEDAD_ID,USUARIO_ID) VALUES (3,3,1);

INSERT INTO DETALLE_USUARIO_PROPIEDAD (ID,PROPIEDAD_ID,USUARIO_ID) VALUES (4,1,2);
INSERT INTO DETALLE_USUARIO_PROPIEDAD (ID,PROPIEDAD_ID,USUARIO_ID) VALUES (5,2,3);

INSERT INTO DETALLE_USUARIO_PROPIEDAD (ID,PROPIEDAD_ID,USUARIO_ID) VALUES (6,1,4);
INSERT INTO DETALLE_USUARIO_PROPIEDAD (ID,PROPIEDAD_ID,USUARIO_ID) VALUES (7,2,5);
INSERT INTO DETALLE_USUARIO_PROPIEDAD (ID,PROPIEDAD_ID,USUARIO_ID) VALUES (8,3,6);

INSERT INTO TIPO_SOLICITUD (ID,NOMBRE_SOLICITUD) VALUES (1,'Queja');
INSERT INTO TIPO_SOLICITUD (ID,NOMBRE_SOLICITUD) VALUES (2,'Requerimiento');
INSERT INTO TIPO_SOLICITUD (ID,NOMBRE_SOLICITUD) VALUES (3,'Solicitud');

INSERT INTO ESTADO_SOLICITUD (ID,NOMBRE_ESTADO) VALUES (1,'Abierto');
INSERT INTO ESTADO_SOLICITUD (ID,NOMBRE_ESTADO) VALUES (2,'En progreso');
INSERT INTO ESTADO_SOLICITUD (ID,NOMBRE_ESTADO) VALUES (3,'Cerrado');


ALTER SEQUENCE public.hibernate_sequence RESTART WITH 1000;

